항목1,항목2,항목3,항목4,항목5,항목6,항목7,항목8,항목9,총점
9,8,9,10,18,8,8,8,10,88
8,7,8,9,17,9,7,9,7,81
7,9,7,7,19,7,7,8,7,78
9,8,8,9,20,8,8,7,8,85
7,9,7,9,18,7,10,7,8,82
8,9,8,7,17,8,8,8,9,82
8,8,7,9,18,8,7,9,9,83
9,9,7,8,20,7,8,7,7,82
7,8,8,8,17,7,8,8,8,79
8,10,8,8,17,10,7,8,8,84
7,8,8,8,16,8,8,7,8,78
8,10,7,9,18,9,7,10,8,86
7,8,8,7,16,7,8,7,9,77
8,7,8,8,16,9,8,7,8,79
7,8,7,9,17,8,8,7,7,78
9,9,9,7,19,7,7,7,8,82
7,9,7,8,18,7,8,8,8,80
10,8,8,9,16,7,7,8,8,81
9,8,9,7,18,7,7,8,7,80
7,8,8,9,18,8,9,9,8,84
7,7,8,7,18,8,7,9,8,79
7,7,9,7,18,9,7,8,7,79
8,9,8,7,18,7,7,8,8,80
9,10,7,9,19,9,7,8,8,86
8,7,8,7,17,8,8,7,7,77
8,8,8,10,18,7,9,8,8,84
7,8,8,8,18,8,8,8,8,81
7,7,8,7,17,7,8,8,7,76
8,8,8,8,17,7,8,7,9,80
9,10,8,9,18,8,9,7,9,87
10,8,7,8,18,7,7,8,8,81
9,8,7,7,17,8,8,8,8,80
9,8,8,8,18,10,8,7,8,84
9,8,8,8,18,10,8,8,7,84
9,8,8,7,19,7,7,9,9,83
7,8,9,8,17,7,8,8,7,79
9,10,7,7,17,7,8,9,8,82
9,9,8,7,18,7,9,9,8,84
7,9,8,7,17,7,8,10,10,83
7,7,10,9,17,10,8,7,7,82
8,8,8,9,16,7,10,8,9,83
9,8,10,9,17,8,8,9,8,86
8,9,7,8,19,9,10,7,8,85
9,10,7,9,17,9,7,7,8,83
8,7,8,7,17,7,9,8,7,78
8,8,8,9,17,8,7,8,8,81
7,8,9,7,19,8,8,7,9,82
8,8,7,7,20,7,8,8,9,82
8,9,7,8,18,8,10,8,9,85
8,9,7,9,16,8,8,7,8,80
