,항목1,항목2,항목3,항목4,항목5,항목6,항목7,항목8,항목9,총점
1,8,9,9,8,18,8,8,9,8,85
2,7,9,8,8,17,7,8,8,8,80
3,9,10,9,9,19,7,9,8,7,87
4,9,8,8,7,17,8,7,8,9,81
5,7,10,7,9,19,8,7,7,8,82
6,8,7,8,9,19,8,8,9,7,83
7,8,9,7,8,17,9,9,7,7,81
8,7,9,7,8,17,9,8,7,8,80
9,8,8,10,8,17,10,9,9,9,88
10,8,8,8,8,16,8,9,9,8,82
11,9,7,9,7,17,9,7,8,9,82
12,9,8,9,9,18,7,7,7,8,82
13,8,8,8,8,16,8,7,7,10,80
14,9,9,8,9,17,7,8,8,7,82
15,7,8,8,7,19,8,9,8,8,82
16,9,8,8,7,17,8,10,7,8,82
17,9,8,8,7,16,8,7,10,7,80
18,8,9,8,8,17,8,7,7,9,81
19,10,9,8,8,18,8,7,8,9,85
20,10,7,9,8,18,9,8,8,9,86
21,8,9,9,8,18,9,9,9,8,87
22,8,9,8,8,16,8,7,7,9,80
23,8,9,8,8,17,9,8,8,7,82
24,7,8,9,7,17,9,9,7,10,83
25,8,7,8,9,20,8,8,8,7,83
26,8,10,8,7,16,9,9,7,8,82
27,8,7,8,10,18,9,7,8,8,83
28,9,9,7,7,19,9,9,9,9,87
29,8,7,8,8,19,7,8,8,8,81
30,9,8,8,7,17,8,8,9,7,81
31,9,8,9,7,17,7,7,9,8,81
32,8,7,8,9,17,9,7,8,8,81
33,7,8,10,8,17,9,7,8,9,83
34,8,8,7,8,17,8,8,10,9,83
35,9,8,8,9,18,7,7,8,7,81
36,7,8,8,9,18,7,8,10,8,83
37,9,7,7,7,20,8,8,7,8,81
38,8,9,8,8,19,9,7,7,7,82
39,7,7,8,9,18,9,8,8,9,83
40,8,7,9,8,17,7,9,8,8,81
41,8,7,10,8,17,8,7,9,8,82
42,7,8,7,9,18,9,8,8,9,83
43,7,8,8,10,18,9,8,7,7,82
44,8,8,9,10,18,8,7,7,7,82
45,9,7,10,8,17,8,9,9,10,87
46,7,10,9,7,17,7,7,9,7,80
47,9,8,8,7,17,7,9,9,8,82
48,8,9,7,10,17,7,10,8,8,84
49,8,8,7,8,16,9,8,9,7,80
50,8,8,8,7,18,9,9,9,9,85
